rank_bin,recruit_count,recruit_rank_mean,freshman_mpg_prior,freshman_usage_prior,freshman_reb_pg_prior
other_ranked,1,308.0,2.5,9.5,0.0
top_150,9,106.22222222222223,13.591505945269386,14.544444444444444,2.415467182492272
top_25,6,14.0,24.122207287933094,23.433333333333334,4.939874018603857
top_250,1,193.0,19.63888888888889,10.4,1.9166666666666667
top_75,12,44.333333333333336,15.642113854346881,17.433333333333334,2.3573239665900183
